title,publisher,categories,review_score,review_summary
TV Wonderland: The Enchantment of Early Television,"Collectors Press, Inc.",design,1.0,A TV BOOK ABOUT...TV'S!!!
How the West Was Worn,Harry N. Abrams,design,1.0,A LUXE LOOK AT WESTERN GARB
How the West Was Worn,Harry N. Abrams,design,1.0,Wild &amp; western romp chronicling the classic American costume
How the West Was Worn,Harry N. Abrams,design,1.0,Western Attire in all its considerable glory!
How the West Was Worn,Harry N. Abrams,design,1.0,"Designers, this is a good reference."
How the West Was Worn,Harry N. Abrams,design,1.0,Terrific resource for early western wear
How the West Was Worn,Harry N. Abrams,design,1.0,Stunning book!
How the West Was Worn,Harry N. Abrams,design,1.0,fab book for cowboy gear
How the West Was Worn,Harry N. Abrams,design,1.0,Cool Books
4000 Flower & Plant Motifs: A Sourcebook (4000 Design Motifs),B T Batsford Limited,design,1.0,Great reference book!
4000 Flower & Plant Motifs: A Sourcebook (4000 Design Motifs),B T Batsford Limited,design,1.0,Fabulous for Quilters
4000 Flower & Plant Motifs: A Sourcebook (4000 Design Motifs),B T Batsford Limited,design,0.75,First prize.
4000 Flower & Plant Motifs: A Sourcebook (4000 Design Motifs),B T Batsford Limited,design,1.0,4000 Flower & Plant Motifs by McCallum
4000 Flower & Plant Motifs: A Sourcebook (4000 Design Motifs),B T Batsford Limited,design,1.0,4000 new ideas!
4000 Flower & Plant Motifs: A Sourcebook (4000 Design Motifs),B T Batsford Limited,design,1.0,I'm so excited.
4000 Flower & Plant Motifs: A Sourcebook (4000 Design Motifs),B T Batsford Limited,design,0.75,Great author and companion books
4000 Flower & Plant Motifs: A Sourcebook (4000 Design Motifs),B T Batsford Limited,design,1.0,A must for your crafting library
4000 Flower & Plant Motifs: A Sourcebook (4000 Design Motifs),B T Batsford Limited,design,1.0,At Last...
4000 Flower & Plant Motifs: A Sourcebook (4000 Design Motifs),B T Batsford Limited,design,0.25,Very approximate drawing
Design for the Real World: Human Ecology and Social Change,"Academy Chicago Publishers, Limited",design,1.0,An inspiring book on environmental design
Design for the Real World: Human Ecology and Social Change,"Academy Chicago Publishers, Limited",design,1.0,"Victor Papanek passes away, January 10, 1998"
Design for the Real World: Human Ecology and Social Change,"Academy Chicago Publishers, Limited",design,1.0,Wonderful radical prodding for designers of all disciplines.
Design for the Real World: Human Ecology and Social Change,"Academy Chicago Publishers, Limited",design,1.0,"The Design Bible, Even for Architects"
Design for the Real World: Human Ecology and Social Change,"Academy Chicago Publishers, Limited",design,1.0,Finally becoming as important as it should've since 1977
Design for the Real World: Human Ecology and Social Change,"Academy Chicago Publishers, Limited",design,1.0,Wisdom for any designer
Design for the Real World: Human Ecology and Social Change,"Academy Chicago Publishers, Limited",design,1.0,Fantastic!
Design for the Real World: Human Ecology and Social Change,"Academy Chicago Publishers, Limited",design,1.0,Design For The Real World: Human Ecology and Social Change
Design for the Real World: Human Ecology and Social Change,"Academy Chicago Publishers, Limited",design,1.0,"Way Better Than All the Modern Design Thinking ""Guides"""
Design for the Real World: Human Ecology and Social Change,"Academy Chicago Publishers, Limited",design,1.0,This book is an essential read for all designers
Design for the Real World: Human Ecology and Social Change,"Academy Chicago Publishers, Limited",design,1.0,The Book All Designers Should Read
Design for the Real World: Human Ecology and Social Change,"Academy Chicago Publishers, Limited",design,1.0,"Ahead of His Time, Still Relevant"
Design for the Real World: Human Ecology and Social Change,"Academy Chicago Publishers, Limited",design,1.0,The Classic Social Model Approach
Design for the Real World: Human Ecology and Social Change,"Academy Chicago Publishers, Limited",design,1.0,design ethics
Design for the Real World: Human Ecology and Social Change,"Academy Chicago Publishers, Limited",design,0.5,Politicizing design
Madeline Vionnet,Chronicle Books Llc,design,1.0,Such a beautiful book
Graphic Design Manual: Principles and Practice,Van Nostrand Reinhold,design,0.75,A Deserved Classic But Incomplete
Graphic Design Manual: Principles and Practice,Van Nostrand Reinhold,design,1.0,Saying more with less: priceless visual guide to design fundamentals
Graphic Design Manual: Principles and Practice,Van Nostrand Reinhold,design,0.5,A Classic?
Graphic Design Manual: Principles and Practice,Van Nostrand Reinhold,design,0.75,Bible of graphic design???
Graphic Design Manual: Principles and Practice,Van Nostrand Reinhold,design,1.0,GRAPHIC DESIGN BIBLE
Avant-Garde Page Design 1900-1950,Delano Greenridge Editions,design,1.0,Excellent Overview
Best of Brochure Design 6 (Best of Brochure Design) (No.6),Cengage Learning,design,0.0,Another Cheryl cullen disappointment
Best of Brochure Design 6 (Best of Brochure Design) (No.6),Cengage Learning,design,0.0,Decieving cover for a bad book
Best of Brochure Design 6 (Best of Brochure Design) (No.6),Cengage Learning,design,0.75,Great
Best of Brochure Design 6 (Best of Brochure Design) (No.6),Cengage Learning,design,0.0,Too much money for too little
Best of Brochure Design 6 (Best of Brochure Design) (No.6),Cengage Learning,design,1.0,A Showcase Of Great Designs
The Art of Burma: New Studies,Marshall Cavendish International Asia Pte Ltd,design,1.0,An excellent book on Burmese Art
Skin Deep,ABRAMS,design,1.0,OUTSTANDING!
Skin Deep,ABRAMS,design,0.5,Being white in a black world?
Skin Deep,ABRAMS,design,1.0,I COULD NOT PUT THE BOOK DOWN!
Skin Deep,ABRAMS,design,1.0,WOW
Skin Deep,ABRAMS,design,0.5,Hypocritical
Skin Deep,ABRAMS,design,1.0,Skin Deep skillfully delves below the surface
Skin Deep,ABRAMS,design,0.0,I don't know why
Skin Deep,ABRAMS,design,0.5,SKIN DEEP
Skin Deep,ABRAMS,design,0.75,Explores the relationship between Blacks and Whites
Skin Deep,ABRAMS,design,1.0,DON'T judge a book by its COVER
Skin Deep,ABRAMS,design,1.0,"Wonderful, thought-provoking and interesting..."
Skin Deep,ABRAMS,design,1.0,OUTSTANDING!
Skin Deep,ABRAMS,design,1.0,The bomb
Skin Deep,ABRAMS,design,1.0,EXCELLENT!
Skin Deep,ABRAMS,design,1.0,My Life
Skin Deep,ABRAMS,design,0.75,Wonderful and Emotional
Skin Deep,ABRAMS,design,1.0,I read it in one day!
Skin Deep,ABRAMS,design,0.75,easy-read that captures your attention
Skin Deep,ABRAMS,design,0.75,An Uplifting &quot;Must-Read&quot; for All Hearts!
Skin Deep,ABRAMS,design,0.75,Entertaining!!
Skin Deep,ABRAMS,design,0.5,More than Skin Deep
Skin Deep,ABRAMS,design,1.0,A Bold and Sizzling Romance Novel
Skin Deep,ABRAMS,design,1.0,A wonderful debut novel...DEFINITE must-read!
Skin Deep,ABRAMS,design,1.0,It is hard to believe this is her first novel
Skin Deep,ABRAMS,design,1.0,SKIN DEEP - A BOOK YOU WILL DEFINITELY KEEP!
Skin Deep,ABRAMS,design,1.0,Definitely not another sister tale...
Skin Deep,ABRAMS,design,1.0,Amazing!
Skin Deep,ABRAMS,design,0.75,You will need the hardcover for your shelf
Skin Deep,ABRAMS,design,0.75,Excellent book!
Skin Deep,ABRAMS,design,0.75,"EXCELLENT,OUTSTANDING,WELL WRITTEN"
Skin Deep,ABRAMS,design,0.75,Deep
Skin Deep,ABRAMS,design,1.0,Great book - I read it in one weekend!
Skin Deep,ABRAMS,design,0.5,"It eventually kept my attention, and improved over time, but.."
Skin Deep,ABRAMS,design,0.75,Pretty good for those who feel the need to be Black
Skin Deep,ABRAMS,design,1.0,Superb reading.. Excellent writing. . Award winning story
Skin Deep,ABRAMS,design,1.0,The inside IS what counts!
Skin Deep,ABRAMS,design,0.5,Insightful
Skin Deep,ABRAMS,design,1.0,FREE AT LAST! WHAT A STORY!
Skin Deep,ABRAMS,design,0.75,Made me question my own beliefs
Skin Deep,ABRAMS,design,1.0,Deep is what this novel was
Skin Deep,ABRAMS,design,1.0,Thought provoking page turner!
Skin Deep,ABRAMS,design,1.0,Entertaining Education
Skin Deep,ABRAMS,design,1.0,Great Read
Skin Deep,ABRAMS,design,1.0,Wonderful read
Skin Deep,ABRAMS,design,0.75,Very interesting...
Skin Deep,ABRAMS,design,1.0,I loved this book!
Skin Deep,ABRAMS,design,0.75,Slow begining but well worth it
Skin Deep,ABRAMS,design,1.0,Love has no color.
Skin Deep,ABRAMS,design,1.0,Finished it 3 days ago and it's still on my mind!
Skin Deep,ABRAMS,design,1.0,"I LAUGHED, CRIED AND TALKED OUT LOUD TO THIS BOOK!"
Skin Deep,ABRAMS,design,1.0,I can't wait for the next one!
Skin Deep,ABRAMS,design,1.0,I READ THIS BOOK IN 2 DAYS
Skin Deep,ABRAMS,design,0.5,a thinking person's romance novel...
Skin Deep,ABRAMS,design,1.0,THIS WAS HER FIRST NOVEL? I CAN'T WAIT FOR THE NEXT...
Skin Deep,ABRAMS,design,1.0,CROSS WROTE AN ENDING I NEVER SAW COMING!
Skin Deep,ABRAMS,design,1.0,Real Deep!
Skin Deep,ABRAMS,design,0.75,Great Twist.....
Skin Deep,ABRAMS,design,1.0,VERY GOOD!
Skin Deep,ABRAMS,design,1.0,I AM IN LOVE WITH THIS BOOK!!!
Skin Deep,ABRAMS,design,0.75,My fiance asked (begged) me to read this...
Skin Deep,ABRAMS,design,0.75,skindeep
Skin Deep,ABRAMS,design,0.75,Skin deep
Skin Deep,ABRAMS,design,0.75,Playing the cards you were dealt
Skin Deep,ABRAMS,design,0.75,Giving something to think about
Skin Deep,ABRAMS,design,1.0,Skin Deep
Skin Deep,ABRAMS,design,0.75,Gave me something to think about
Skin Deep,ABRAMS,design,1.0,Beautiful
Skin Deep,ABRAMS,design,1.0,A simple Romance and so much more!!
Skin Deep,ABRAMS,design,0.25,What am I missing?
Skin Deep,ABRAMS,design,1.0,Skin Deep is a Thrill Ride
Skin Deep,ABRAMS,design,1.0,Another great pageturner from the pen of Carol Davis Luce.
Skin Deep,ABRAMS,design,1.0,Looking For A Groovy Beach Book?
Skin Deep,ABRAMS,design,0.5,Good book
Skin Deep,ABRAMS,design,0.75,Night Hunter
Skin Deep,ABRAMS,design,1.0,I really love this author!
Skin Deep,ABRAMS,design,0.75,Enjoyable
Skin Deep,ABRAMS,design,1.0,Night Hunter
Skin Deep,ABRAMS,design,1.0,night hunter
Skin Deep,ABRAMS,design,0.75,Night Hunter
Skin Deep,ABRAMS,design,0.5,"aaahhhh, a little toasty in here!"
Skin Deep,ABRAMS,design,1.0,Loved it!
Skin Deep,ABRAMS,design,0.0,ZZZZZZZZZZZZzzzzzzzzzzzzzzzzzzzzzz....
Skin Deep,ABRAMS,design,1.0,Racial Propaganda...is there a reason for it all?
Skin Deep,ABRAMS,design,1.0,Gets you thinking.......
Skin Deep,ABRAMS,design,1.0,More than just a murder mystery
Skin Deep,ABRAMS,design,1.0,A good addition to the Body of Evidence series.
Skin Deep,ABRAMS,design,1.0,A definite Page turner
Skin Deep,ABRAMS,design,0.5,Baffled by the young adult rating
Skin Deep,ABRAMS,design,1.0,I thought this book was great.....
Skin Deep,ABRAMS,design,1.0,Exquisitely written. . . . Powerful character dynamics.
Hulls and Hulks in the Tide of Time: The Life and Work of John A. Noble,John a Noble Collection,design,1.0,Excellent for maritime historians as well as art enthusiasts
Blag,Gestalten Verlag,design,1.0,blag
"Women, Art and Geometry in Southern Africa",Africa Research and Publications,design,1.0,Designer's Dream
Swiss Graphic Design,Yale University Press,design,0.75,nice coffee table book
Swiss Graphic Design,Yale University Press,design,0.75,Fabulous New Typography from Switzerland
Swiss Graphic Design,Yale University Press,design,1.0,RARE and HARD TO FIND one of a kind book.
Swiss Graphic Design,Yale University Press,design,0.5,a buy?
Swiss Graphic Design,Yale University Press,design,0.25,Exhibition of bad taste
The Cigar in Art,Overlook Press,design,1.0,Fun with art and cigars
Baltimore Bride's Quilt Designs (Dover Pictorial Archives),,design,0.5,Great addition to Baltimore patterns
Baltimore Bride's Quilt Designs (Dover Pictorial Archives),,design,0.75,Good depending on your use
Racinet's Full-Color Pictorial History of Western Costume: With 92 Plates Showing Over 950 Authentic Costumes from the Middle Ages to 1800,Dover,design,1.0,A rich visual history
Dr. Martens: The Story of an Icon,Chrysalis Books Group,design,1.0,the story of an icon
Dr. Martens: The Story of an Icon,Chrysalis Books Group,design,0.5,"Too much history, not enough Dr. Martens ..."
How to Draft Basic Patterns (4th Edition),Fairchild Books,design,0.75,"Simple, easy to understand but expensive for what you get"
How to Draft Basic Patterns (4th Edition),Fairchild Books,design,0.75,Staple for designers
How to Draft Basic Patterns (4th Edition),Fairchild Books,design,1.0,An excellent resource!
How to Draft Basic Patterns (4th Edition),Fairchild Books,design,0.0,How to draft basic patterns
House in the Country,Vendome Press,design,0.5,The condition of England during WWII
Boat Design (Designpockets),teNeues,design,0.0,Misleading title and dissapointing book
Boat Design (Designpockets),teNeues,design,0.5,"Misleading Title, But Great Photos Nevertheless"
Boat Design (Designpockets),teNeues,design,1.0,"boat design is a book of dreams, not design"
A Writer's Notebook,Independently Published,design,1.0,Gems from a Master
A Writer's Notebook,Independently Published,design,1.0,Book of Wisdon
A Writer's Notebook,Independently Published,design,1.0,Maugham in miniature
A Writer's Notebook,Independently Published,design,1.0,Really love this
Fifty Years of Fashion: New Look to Now,Yale University Press,design,0.75,Excellent fashion primer for the last 50 years of the 20th C
Fifty Years of Fashion: New Look to Now,Yale University Press,design,1.0,Good pictures and text
Mexican Details,Gibbs Smith,design,1.0,I Love this book!!
Mexican Details,Gibbs Smith,design,1.0,Excellently Written
Mexican Details,Gibbs Smith,design,1.0,Inspiration galore!
Mexican Details,Gibbs Smith,design,1.0,ideas
Mexican Details,Gibbs Smith,design,0.0,No substance
Mexican Details,Gibbs Smith,design,0.0,too many pages missing
Charmed Bracelets,"Stewart, Tabori and Chang",design,1.0,Absolutely lovely!
Charmed Bracelets,"Stewart, Tabori and Chang",design,1.0,Simply Beautiful
Charmed Bracelets,"Stewart, Tabori and Chang",design,0.5,Interesting to Read About
Charmed Bracelets,"Stewart, Tabori and Chang",design,1.0,Charm Bracelets
Charmed Bracelets,"Stewart, Tabori and Chang",design,1.0,"Delightful, beautiful book"
Charmed Bracelets,"Stewart, Tabori and Chang",design,1.0,Charmed Inspirations
Charmed Bracelets,"Stewart, Tabori and Chang",design,0.75,Amazed and Charmed
Charmed Bracelets,"Stewart, Tabori and Chang",design,1.0,Charmed Bracelets
Charmed Bracelets,"Stewart, Tabori and Chang",design,0.0,Don't waste your money
Charmed Bracelets,"Stewart, Tabori and Chang",design,1.0,Charmed to no end
Charmed Bracelets,"Stewart, Tabori and Chang",design,1.0,A Fun Girly Book!
Charmed Bracelets,"Stewart, Tabori and Chang",design,1.0,"Fabulous, fun book -- perfect gift!"
Charmed Bracelets,"Stewart, Tabori and Chang",design,1.0,"A stylish, fun read"
Charmed Bracelets,"Stewart, Tabori and Chang",design,1.0,Charmed Bracelets by Tracy Zabar
Charmed Bracelets,"Stewart, Tabori and Chang",design,1.0,Charming!
Charmed Bracelets,"Stewart, Tabori and Chang",design,0.5,Not a 'how to' book
Charmed Bracelets,"Stewart, Tabori and Chang",design,1.0,Charmed Bracelets
Charmed Bracelets,"Stewart, Tabori and Chang",design,1.0,A Book to Share
Charmed Bracelets,"Stewart, Tabori and Chang",design,1.0,"Charmed, I'm sure"
May I Take Your Order: American Menu Design 1920-1960,Chronicle Books Llc,design,0.75,Great Book...
May I Take Your Order: American Menu Design 1920-1960,Chronicle Books Llc,design,0.75,Good reference
May I Take Your Order: American Menu Design 1920-1960,Chronicle Books Llc,design,1.0,Excellent historical book inspires journey down memory lane!
May I Take Your Order: American Menu Design 1920-1960,Chronicle Books Llc,design,0.75,Great trip down nostlgia road
The Spec Manual,Fairchild Books,design,1.0,An excellent resource book
The Spec Manual,Fairchild Books,design,0.75,So helpful!
The Spec Manual,Fairchild Books,design,1.0,Quick and Easy Reference Book
The Spec Manual,Fairchild Books,design,1.0,Fantastic
The Spec Manual,Fairchild Books,design,1.0,The Spec Manual
The Spec Manual,Fairchild Books,design,1.0,I love this one
The Spec Manual,Fairchild Books,design,1.0,unbelieveably helpfull
The Spec Manual,Fairchild Books,design,1.0,Excellent Resource for those with patterndrafting experience
The Spec Manual,Fairchild Books,design,1.0,Comprehensive
The Spec Manual,Fairchild Books,design,0.0,Hmmm
Principles of Flat Pattern Design,Fairchild Books,design,1.0,"Nice Book, if a Bit Outdated"
Principles of Flat Pattern Design,Fairchild Books,design,1.0,"Clearly explained, highly recommended, but not comprehensive"
Principles of Flat Pattern Design,Fairchild Books,design,0.75,Great!
Principles of Flat Pattern Design,Fairchild Books,design,1.0,Wonderful textbook
Principles of Flat Pattern Design,Fairchild Books,design,0.75,Good book for a beginning pattern maker
Japanese Mandalas: Representations of Sacred Geography,University of Hawaii Press,design,0.75,Circular Reasoning
Japanese Mandalas: Representations of Sacred Geography,University of Hawaii Press,design,1.0,This is a fascinating and accessible book.
Japanese Mandalas: Representations of Sacred Geography,University of Hawaii Press,design,1.0,a Treasure
Celtic Design: Illuminated Letters,Thames & Hudson,design,1.0,An excellent book for those interested in Celtic Designs.
Celtic Design: Illuminated Letters,Thames & Hudson,design,1.0,Celtic Design Illuminated Letters
Celtic Design: Illuminated Letters,Thames & Hudson,design,0.5,NOT WHAT I HOPED FOR
Celtic Design: Illuminated Letters,Thames & Hudson,design,1.0,Celtic Design: Illuminated Letters
Celtic Design: Illuminated Letters,Thames & Hudson,design,1.0,Celtic lettering so anyone can learn it
Celtic Design: Illuminated Letters,Thames & Hudson,design,1.0,Wanted a closer view
Styles of ornament,Courier Corporation,design,1.0,Don't Forget to Have Fun!
Styles of ornament,Courier Corporation,design,1.0,An instant classic for decorative .artists
Design of the 20th Century,Taschen America Llc,design,1.0,Richly Illustrated
Design of the 20th Century,Taschen America Llc,design,0.75,A century of design in your hands
Design of the 20th Century,Taschen America Llc,design,0.75,A very good dictionary for designers
Design of the 20th Century,Taschen America Llc,design,0.75,Well Designed Design Book!
Design of the 20th Century,Taschen America Llc,design,0.75,Nice little book full of design.
The New Classics : Fresh Ideas for Rooms that Endure,"Stewart, Tabori and Chang",design,0.5,"beautiful pictures, useless text"
The New Classics : Fresh Ideas for Rooms that Endure,"Stewart, Tabori and Chang",design,0.75,For this price it is a steal!!
Wet & Wilde: Ellora's Cave Presents,Imperfect Pub,design,0.5,Not as much about mermen as you think....
Wet & Wilde: Ellora's Cave Presents,Imperfect Pub,design,0.75,Great book..the big girl gets the guy
Wet & Wilde: Ellora's Cave Presents,Imperfect Pub,design,1.0,"A hot, wild ride!"
Wet & Wilde: Ellora's Cave Presents,Imperfect Pub,design,1.0,Splashes that were unexpected!
Applied Typography,Books Nippan,design,0.75,Inspirational indeed
"Colored, Type & Song Canaries",Chronicle Books,design,0.75,This is THE book to own!
"Colored, Type & Song Canaries",Chronicle Books,design,1.0,Your canary library is incomplete without this book!
"Colored, Type & Song Canaries",Chronicle Books,design,1.0,get this book or die
China Style,Tuttle Publishing,design,0.75,"Lovely Photos, So-so Text"
China Style,Tuttle Publishing,design,0.75,Lovely book for collectors and anyone interested in China
China Style,Tuttle Publishing,design,0.75,"Rich, but in the same kind of room"
China Style,Tuttle Publishing,design,1.0,A gorgeous visual display for any library strong in either interior design or Chinese art and architecture
"Design Your Self: Rethinking the Way You Live, Love, Work, and Play",Harper Collins,design,1.0,Excellent handbook for creating the future
"Design Your Self: Rethinking the Way You Live, Love, Work, and Play",Harper Collins,design,1.0,Wonderful!
"Design Your Self: Rethinking the Way You Live, Love, Work, and Play",Harper Collins,design,1.0,"Loved it, very inspiring"
"Design Your Self: Rethinking the Way You Live, Love, Work, and Play",Harper Collins,design,1.0,Love this book!
"Design Your Self: Rethinking the Way You Live, Love, Work, and Play",Harper Collins,design,1.0,Love this book
"Design Your Self: Rethinking the Way You Live, Love, Work, and Play",Harper Collins,design,0.75,Boldly Original
"Design Your Self: Rethinking the Way You Live, Love, Work, and Play",Harper Collins,design,1.0,inspiring...
"Design Your Self: Rethinking the Way You Live, Love, Work, and Play",Harper Collins,design,0.75,Life by Karim
"Design Your Self: Rethinking the Way You Live, Love, Work, and Play",Harper Collins,design,1.0,good read
"Design Your Self: Rethinking the Way You Live, Love, Work, and Play",Harper Collins,design,0.75,Not what I expected
"Design Your Self: Rethinking the Way You Live, Love, Work, and Play",Harper Collins,design,1.0,thought provoking and inspiring
"Design Your Self: Rethinking the Way You Live, Love, Work, and Play",Harper Collins,design,0.5,Appreciate the effort
"Design Your Self: Rethinking the Way You Live, Love, Work, and Play",Harper Collins,design,1.0,It Grows on You
"Design Your Self: Rethinking the Way You Live, Love, Work, and Play",Harper Collins,design,0.5,"interesting, but a few comments"
"Design Your Self: Rethinking the Way You Live, Love, Work, and Play",Harper Collins,design,0.0,I am perfectly okay being the only person that hates this book.
"Design Your Self: Rethinking the Way You Live, Love, Work, and Play",Harper Collins,design,0.5,Nice when taken with a grain of salt
"Design Your Self: Rethinking the Way You Live, Love, Work, and Play",Harper Collins,design,1.0,Enjoyable Food For Thought
"Design Your Self: Rethinking the Way You Live, Love, Work, and Play",Harper Collins,design,1.0,Rashid Designs Spectacularly
"Design Your Self: Rethinking the Way You Live, Love, Work, and Play",Harper Collins,design,0.25,disappointing
"Design Your Self: Rethinking the Way You Live, Love, Work, and Play",Harper Collins,design,0.75,Wonderfully Insightful
"Design Your Self: Rethinking the Way You Live, Love, Work, and Play",Harper Collins,design,1.0,Very Good book
"Design Your Self: Rethinking the Way You Live, Love, Work, and Play",Harper Collins,design,0.75,Designer Self Help
"Handstitched Leonardo's Women - Venice, Unlined, Blank Journal",Victoria & Albert Museum,design,1.0,Beautiful Book!
Make Your Own Fashion Magic,Hachette UK,design,1.0,Feminity and Romance on a shoestring....
Make Your Own Fashion Magic,Hachette UK,design,1.0,We worship Shell
The New Modern Furniture Design,Whitney Library of Design,design,0.25,"Pretty, useful only as a primer, frustrating"
The New Modern Furniture Design,Whitney Library of Design,design,1.0,Catalog-like with approx. 800 works in 98 themes
Arte postale: Guida al network della corrispondenza creativa (Apo-X) (Italian Edition),AAA Edizioni,design,1.0,"Vittore Baroni, a 'Mail-Art Genius'"
Arte postale: Guida al network della corrispondenza creativa (Apo-X) (Italian Edition),AAA Edizioni,design,1.0,"Vittore Baroni, a 'Mail-Art Genius'"
Absolut Book.: The Absolut Vodka Advertising Story,Tuttle Publishing,design,1.0,"Excellent, Tasteful, and Creative."
Absolut Book.: The Absolut Vodka Advertising Story,Tuttle Publishing,design,1.0,This is the best book out there!
Absolut Book.: The Absolut Vodka Advertising Story,Tuttle Publishing,design,1.0,The Legendary Ad now in a book
Absolut Book.: The Absolut Vodka Advertising Story,Tuttle Publishing,design,1.0,I thought that this book was so cool.
Absolut Book.: The Absolut Vodka Advertising Story,Tuttle Publishing,design,1.0,absolut must.
Absolut Book.: The Absolut Vodka Advertising Story,Tuttle Publishing,design,1.0,I love this book!
Absolut Book.: The Absolut Vodka Advertising Story,Tuttle Publishing,design,1.0,The coolest ad campaign ever
Absolut Book.: The Absolut Vodka Advertising Story,Tuttle Publishing,design,0.75,History of Absolut advertisements as well as a collection...
Absolut Book.: The Absolut Vodka Advertising Story,Tuttle Publishing,design,1.0,A fantastic display of over 10 years of Absoult ads!
Absolut Book.: The Absolut Vodka Advertising Story,Tuttle Publishing,design,1.0,a must-have for everyone
Absolut Book.: The Absolut Vodka Advertising Story,Tuttle Publishing,design,1.0,This book is definetly cool and affordable!
Absolut Book.: The Absolut Vodka Advertising Story,Tuttle Publishing,design,1.0,As advertised - a great buy
Absolut Book.: The Absolut Vodka Advertising Story,Tuttle Publishing,design,1.0,Absolut Book: The Absolut Vodka Advertising Story
Absolut Book.: The Absolut Vodka Advertising Story,Tuttle Publishing,design,1.0,it is great
Absolut Book.: The Absolut Vodka Advertising Story,Tuttle Publishing,design,1.0,absolut awsome book!
Absolut Book.: The Absolut Vodka Advertising Story,Tuttle Publishing,design,1.0,Absolutely Absolut
Absolut Book.: The Absolut Vodka Advertising Story,Tuttle Publishing,design,1.0,Best coffee table book!
Absolut Book.: The Absolut Vodka Advertising Story,Tuttle Publishing,design,0.75,shaken not stirred
Absolut Book.: The Absolut Vodka Advertising Story,Tuttle Publishing,design,1.0,It was awesome
Absolut Book.: The Absolut Vodka Advertising Story,Tuttle Publishing,design,1.0,Absolut Thrill!
Absolut Book.: The Absolut Vodka Advertising Story,Tuttle Publishing,design,0.0,"""new"" apparently means ""used"""
Absolut Book.: The Absolut Vodka Advertising Story,Tuttle Publishing,design,1.0,made me thirsty
Absolut Book.: The Absolut Vodka Advertising Story,Tuttle Publishing,design,1.0,the absolut killerbook of the year.
Absolut Book.: The Absolut Vodka Advertising Story,Tuttle Publishing,design,1.0,Great Book! A MUST See!!!
Absolut Book.: The Absolut Vodka Advertising Story,Tuttle Publishing,design,1.0,Its about time this book was made!
Absolut Book.: The Absolut Vodka Advertising Story,Tuttle Publishing,design,1.0,Marvelous!
Absolut Book.: The Absolut Vodka Advertising Story,Tuttle Publishing,design,1.0,This book has a good selection of ads. (SO AWSOME)
Absolut Book.: The Absolut Vodka Advertising Story,Tuttle Publishing,design,1.0,Wow
Absolut Book.: The Absolut Vodka Advertising Story,Tuttle Publishing,design,1.0,Absolutely Wonderful
Absolut Book.: The Absolut Vodka Advertising Story,Tuttle Publishing,design,1.0,strategy
Absolut Book.: The Absolut Vodka Advertising Story,Tuttle Publishing,design,0.5,Lots of Awful Absolut Advertising
Absolut Book.: The Absolut Vodka Advertising Story,Tuttle Publishing,design,1.0,WOW!!
Absolut Book.: The Absolut Vodka Advertising Story,Tuttle Publishing,design,1.0,Absolutley Fabulous!!!!
Absolut Book.: The Absolut Vodka Advertising Story,Tuttle Publishing,design,1.0,Absolut Best Coffee Table Book
Absolut Book.: The Absolut Vodka Advertising Story,Tuttle Publishing,design,1.0,Absolut great book!
Absolut Book.: The Absolut Vodka Advertising Story,Tuttle Publishing,design,1.0,the coolest coffee table book ever!!!
Absolut Book.: The Absolut Vodka Advertising Story,Tuttle Publishing,design,1.0,Cheers!!
Absolut Book.: The Absolut Vodka Advertising Story,Tuttle Publishing,design,1.0,Page Flipping Fun
Absolut Book.: The Absolut Vodka Advertising Story,Tuttle Publishing,design,0.75,Absolut Fascination.
Absolut Book.: The Absolut Vodka Advertising Story,Tuttle Publishing,design,1.0,AMAZING
Absolut Book.: The Absolut Vodka Advertising Story,Tuttle Publishing,design,0.75,good
Absolut Book.: The Absolut Vodka Advertising Story,Tuttle Publishing,design,0.25,I saw better
Juergen Teller Cindy Sherman Marc Jacobs,Rizzoli International Publications,design,0.75,"Teller, Jacobs & Sherman."
Juergen Teller Cindy Sherman Marc Jacobs,Rizzoli International Publications,design,0.5,"Fun, but not enough"
Juergen Teller Cindy Sherman Marc Jacobs,Rizzoli International Publications,design,0.75,fabulous project
Kitsch Deluxe,Miller/Mitchell Beazley,design,0.75,from the 'LESS IS A BORE' school of decorating
Kitsch Deluxe,Miller/Mitchell Beazley,design,1.0,"To have bad taste, you must first have very good taste."
Kitsch Deluxe,Miller/Mitchell Beazley,design,0.75,Great Ideas!
Kitsch Deluxe,Miller/Mitchell Beazley,design,0.0,Kitsch Deluxe
Costume Design in the Movies: An Illustrated Guide to the Work of 157 Great Designers (Dover Fashion and Costumes),Courier Corporation,design,1.0,Simply fabulous!
Costume Design in the Movies: An Illustrated Guide to the Work of 157 Great Designers (Dover Fashion and Costumes),Courier Corporation,design,1.0,A Reference for Movie Glamour in Black and White
Costume Design in the Movies: An Illustrated Guide to the Work of 157 Great Designers (Dover Fashion and Costumes),Courier Corporation,design,1.0,Fantastic Book For Classic Movie Lovers
Costume Design in the Movies: An Illustrated Guide to the Work of 157 Great Designers (Dover Fashion and Costumes),Courier Corporation,design,0.5,"Great photos, but....."
Costume Design in the Movies: An Illustrated Guide to the Work of 157 Great Designers (Dover Fashion and Costumes),Courier Corporation,design,1.0,Nice book describing famous Fashion (movie) Designers up to 1988
Costume Design in the Movies: An Illustrated Guide to the Work of 157 Great Designers (Dover Fashion and Costumes),Courier Corporation,design,1.0,Costume Design in the Movies: An illistrated guide to the work of 157 great designers
Costume Design in the Movies: An Illustrated Guide to the Work of 157 Great Designers (Dover Fashion and Costumes),Courier Corporation,design,0.75,Costume Design in the Movies: An Illustrated Guide to the Work of 157 Great Designers
Costume Design in the Movies: An Illustrated Guide to the Work of 157 Great Designers (Dover Fashion and Costumes),Courier Corporation,design,0.75,Very Good
Costume Design in the Movies: An Illustrated Guide to the Work of 157 Great Designers (Dover Fashion and Costumes),Courier Corporation,design,1.0,Thank You
Costume Design in the Movies: An Illustrated Guide to the Work of 157 Great Designers (Dover Fashion and Costumes),Courier Corporation,design,1.0,An excellent guide to b&w film costume designers
Costume Design in the Movies: An Illustrated Guide to the Work of 157 Great Designers (Dover Fashion and Costumes),Courier Corporation,design,1.0,Fabulous photos
Twentieth-Century Fashion : The Complete Sourcebook,Thames & Hudson,design,0.5,"Some strengths, but some serious weaknesses"
Twentieth-Century Fashion : The Complete Sourcebook,Thames & Hudson,design,1.0,Among the best costume history books...
Twentieth-Century Fashion : The Complete Sourcebook,Thames & Hudson,design,1.0,great &quot;handbook&quot;
Twentieth-Century Fashion : The Complete Sourcebook,Thames & Hudson,design,0.5,Like a book of paper doll cutouts
Twentieth-Century Fashion : The Complete Sourcebook,Thames & Hudson,design,1.0,VERY GOOD
Twentieth-Century Fashion : The Complete Sourcebook,Thames & Hudson,design,0.75,"Well organized, comprehensive, clothes beautifully presented"
Twentieth-Century Fashion : The Complete Sourcebook,Thames & Hudson,design,1.0,It shows pictures of clothes and accesories from 20thcentury
Twentieth-Century Fashion : The Complete Sourcebook,Thames & Hudson,design,0.75,Historical Documentation of Fashion
More Paperwork,Phaidon Incorporated Limited,design,0.5,I expected more
"Publication Design Workbook: A Real-World Guide to Designing Magazines, Newspapers, and Newsletters",Rockport Publishers,design,0.5,Needs a Glossary
"Publication Design Workbook: A Real-World Guide to Designing Magazines, Newspapers, and Newsletters",Rockport Publishers,design,1.0,REVIEW
"Publication Design Workbook: A Real-World Guide to Designing Magazines, Newspapers, and Newsletters",Rockport Publishers,design,0.75,Nice but...
"Publication Design Workbook: A Real-World Guide to Designing Magazines, Newspapers, and Newsletters",Rockport Publishers,design,1.0,Best Real-World Examples
McQueen,Yale University Press,design,0.75,Interesting
McQueen,Yale University Press,design,0.75,great insight into the gearhead Steve
"Letter Forms, Typographic and Scriptorial: Two Essays on Their Classification, History, and Bibliography",Hartley & Marks,design,0.75,A history of histories
"Letter Forms, Typographic and Scriptorial: Two Essays on Their Classification, History, and Bibliography",Hartley & Marks,design,1.0,Read this book to gain solid knowledge.
Hot Graphics USA No. 2,Visual Reference Pub Incorporated,design,0.75,Hot Graphics is hot
Hot Graphics USA No. 2,Visual Reference Pub Incorporated,design,1.0,WOW!
Manuale typographicum,Mit Press,design,1.0,MultiLingual Samples of the Typgraphic Art
Manuale typographicum,Mit Press,design,0.75,Lovely specimens
Pictorial Archive of Lace Designs: 325 Historic Examples (Dover Pictorial Archive),Courier Corporation,design,1.0,At last a book for skilled lacemakers
Pictorial Archive of Lace Designs: 325 Historic Examples (Dover Pictorial Archive),Courier Corporation,design,1.0,Intricate
Pictorial Archive of Lace Designs: 325 Historic Examples (Dover Pictorial Archive),Courier Corporation,design,0.25,Falls short of expectations
Pictorial Archive of Lace Designs: 325 Historic Examples (Dover Pictorial Archive),Courier Corporation,design,0.5,Only good for referencing....
Pictorial Archive of Lace Designs: 325 Historic Examples (Dover Pictorial Archive),Courier Corporation,design,1.0,Great images provide inspiration
Pictorial Archive of Lace Designs: 325 Historic Examples (Dover Pictorial Archive),Courier Corporation,design,1.0,Wonderful resource
Evaluating Your Collection: The 14 Points of Connoisseurship (Winterthur Decorative Arts Series),Winterthur Museum,design,1.0,Wonderful resource for collector or academic
Evaluating Your Collection: The 14 Points of Connoisseurship (Winterthur Decorative Arts Series),Winterthur Museum,design,1.0,Gives it to you straight
Evaluating Your Collection: The 14 Points of Connoisseurship (Winterthur Decorative Arts Series),Winterthur Museum,design,0.25,"Good, but not enough per the title."
Ready-to-Use Art Nouveau Initials (Dover Clip Art Ready-to-Use),Courier Corporation,design,1.0,Another Great Clip Art book by Grafton!
Logo Design Workbook: A Hands-On Guide to Creating Logos,Rockport Publishers,design,0.5,Covers the basics of logo design
Logo Design Workbook: A Hands-On Guide to Creating Logos,Rockport Publishers,design,1.0,Highly recommended workbook for serious design students.
Logo Design Workbook: A Hands-On Guide to Creating Logos,Rockport Publishers,design,0.5,OK
Logo Design Workbook: A Hands-On Guide to Creating Logos,Rockport Publishers,design,1.0,Very Helpful Tool!
Logo Design Workbook: A Hands-On Guide to Creating Logos,Rockport Publishers,design,1.0,Book came in very good condition!
Logo Design Workbook: A Hands-On Guide to Creating Logos,Rockport Publishers,design,0.75,Fairly solid
Logo Design Workbook: A Hands-On Guide to Creating Logos,Rockport Publishers,design,1.0,Logos and More!
Logo Design Workbook: A Hands-On Guide to Creating Logos,Rockport Publishers,design,0.5,"Not a bad logo book, but not great either..."
Logo Design Workbook: A Hands-On Guide to Creating Logos,Rockport Publishers,design,0.5,Neither interesting nor inspirational
Logo Design Workbook: A Hands-On Guide to Creating Logos,Rockport Publishers,design,0.5,Good but not breakthrough
Logo Design Workbook: A Hands-On Guide to Creating Logos,Rockport Publishers,design,1.0,Great useful logo book
Logo Design Workbook: A Hands-On Guide to Creating Logos,Rockport Publishers,design,0.5,"Take ""workbook"" out of the title. Call it ""The Design of Famous Logos"""
Logo Design Workbook: A Hands-On Guide to Creating Logos,Rockport Publishers,design,1.0,Wish I had this book years ago
Logo Design Workbook: A Hands-On Guide to Creating Logos,Rockport Publishers,design,0.5,Sparks creativity
Logo Design Workbook: A Hands-On Guide to Creating Logos,Rockport Publishers,design,1.0,"Great resource, even for non-designers"
Logo Design Workbook: A Hands-On Guide to Creating Logos,Rockport Publishers,design,1.0,Required reading for any student interested in logo design
Logo Design Workbook: A Hands-On Guide to Creating Logos,Rockport Publishers,design,1.0,Wonderful book for Graphic Designers!!
Logo Design Workbook: A Hands-On Guide to Creating Logos,Rockport Publishers,design,1.0,Getting ready to test the steps of this book...
Logo Design Workbook: A Hands-On Guide to Creating Logos,Rockport Publishers,design,0.75,inspiring & interesting book
Logo Design Workbook: A Hands-On Guide to Creating Logos,Rockport Publishers,design,1.0,BUY THIS BOOK
"Spot Illustrations from Women's Magazines of the Teens and Twenties: 828 Cuts of Women, Family, Home, Garden, etc (Dover Pictorial Archives)",,design,1.0,A wide range of visuals
"Spot Illustrations from Women's Magazines of the Teens and Twenties: 828 Cuts of Women, Family, Home, Garden, etc (Dover Pictorial Archives)",,design,0.75,Illustrations to add a nostalgic touch
"Spot Illustrations from Women's Magazines of the Teens and Twenties: 828 Cuts of Women, Family, Home, Garden, etc (Dover Pictorial Archives)",,design,0.75,A fascinating glimpse into the past
"Spot Illustrations from Women's Magazines of the Teens and Twenties: 828 Cuts of Women, Family, Home, Garden, etc (Dover Pictorial Archives)",,design,1.0,Wonderful collection of graphic art from the 1910's &amp; 1920's
Art Nouveau Frames and Borders (Dover Pictorial Archive),Courier Corporation,design,1.0,Art Nouveau Frames and Borders
Art Nouveau Frames and Borders (Dover Pictorial Archive),Courier Corporation,design,1.0,Great stuff!
Art Nouveau Frames and Borders (Dover Pictorial Archive),Courier Corporation,design,0.75,Art Nouveau complete collection
Art Nouveau Frames and Borders (Dover Pictorial Archive),Courier Corporation,design,1.0,Good illustrated book!
Shady,W. W. Norton & Company,design,1.0,Too Shady For Me!
Shady,W. W. Norton & Company,design,1.0,Great Book
Shady,W. W. Norton & Company,design,1.0,DAZZLING DEBUT! Don't Be Shady -- Get Shady!
Shady,W. W. Norton & Company,design,1.0,Absolutely Hilarious!
Shady,W. W. Norton & Company,design,1.0,Great Book
An Old-Fashioned Christmas in Illustration and Decoration (Dover Pictorial Archives),,design,1.0,Great Period Resource
Couture Bridalwear: Pattern Layout and Design,Potomac Books Incorporated,design,0.5,For the experienced only
Couture Bridalwear: Pattern Layout and Design,Potomac Books Incorporated,design,1.0,Now I know how to make the patterns
Couture Bridalwear: Pattern Layout and Design,Potomac Books Incorporated,design,1.0,Perfect for Experienced Sewers
Couture Bridalwear: Pattern Layout and Design,Potomac Books Incorporated,design,0.75,A rare find!!!
"Kid's Knit Novelty Cardigans: With Duplicate Stitch Detail, Sizes 2 to 10, 5 Designs (Leisure Arts Leaflet #2301)",Laurence King Publishing,design,1.0,Knitting for Dummies
Work Clothes (Chic Simple): Casual Dress for Serious Work (Chic Simple Guides),Alfred a Knopf Incorporated,design,0.5,"A good book, it could have been better"
Work Clothes (Chic Simple): Casual Dress for Serious Work (Chic Simple Guides),Alfred a Knopf Incorporated,design,1.0,Inspiring Outfits
Work Clothes (Chic Simple): Casual Dress for Serious Work (Chic Simple Guides),Alfred a Knopf Incorporated,design,0.75,"a visual treat, with a focus on quality clothes"
Work Clothes (Chic Simple): Casual Dress for Serious Work (Chic Simple Guides),Alfred a Knopf Incorporated,design,0.25,not much content for the size
Work Clothes (Chic Simple): Casual Dress for Serious Work (Chic Simple Guides),Alfred a Knopf Incorporated,design,0.75,Fashion Advice for Beginners
Work Clothes (Chic Simple): Casual Dress for Serious Work (Chic Simple Guides),Alfred a Knopf Incorporated,design,0.5,Decent book about fashion
Work Clothes (Chic Simple): Casual Dress for Serious Work (Chic Simple Guides),Alfred a Knopf Incorporated,design,0.5,"Better, but not great"
Work Clothes (Chic Simple): Casual Dress for Serious Work (Chic Simple Guides),Alfred a Knopf Incorporated,design,1.0,A Must for The Career Person
Work Clothes (Chic Simple): Casual Dress for Serious Work (Chic Simple Guides),Alfred a Knopf Incorporated,design,0.75,Stylish photos and useful information
Treasures from Italy's Great Libraries,,design,1.0,A most celestial book.
Designing Identity: Graphic Design as a Business Strategy,Rockport Publishers,design,0.0,A bunch of design samples with no analysis or discussion
Designing Identity: Graphic Design as a Business Strategy,Rockport Publishers,design,0.5,"Good, but barely a mention of online identity"
Designing Identity: Graphic Design as a Business Strategy,Rockport Publishers,design,1.0,one of the best
Designing Identity: Graphic Design as a Business Strategy,Rockport Publishers,design,1.0,buy it
Design for the real world: Human ecology and social change,"Academy Chicago Publishers, Limited",design,1.0,The Book All Designers Should Read
Design for the real world: Human ecology and social change,"Academy Chicago Publishers, Limited",design,1.0,"Ahead of His Time, Still Relevant"
Design for the real world: Human ecology and social change,"Academy Chicago Publishers, Limited",design,1.0,The Classic Social Model Approach
Design for the real world: Human ecology and social change,"Academy Chicago Publishers, Limited",design,1.0,design ethics
Design for the real world: Human ecology and social change,"Academy Chicago Publishers, Limited",design,0.5,Politicizing design
Design for the real world: Human ecology and social change,"Academy Chicago Publishers, Limited",design,1.0,An inspiring book on environmental design
Design for the real world: Human ecology and social change,"Academy Chicago Publishers, Limited",design,1.0,"Victor Papanek passes away, January 10, 1998"
Design for the real world: Human ecology and social change,"Academy Chicago Publishers, Limited",design,1.0,Wonderful radical prodding for designers of all disciplines.
Design for the real world: Human ecology and social change,"Academy Chicago Publishers, Limited",design,1.0,"The Design Bible, Even for Architects"
Design for the real world: Human ecology and social change,"Academy Chicago Publishers, Limited",design,1.0,Finally becoming as important as it should've since 1977
Design for the real world: Human ecology and social change,"Academy Chicago Publishers, Limited",design,1.0,Wisdom for any designer
Design for the real world: Human ecology and social change,"Academy Chicago Publishers, Limited",design,1.0,Fantastic!
Design for the real world: Human ecology and social change,"Academy Chicago Publishers, Limited",design,1.0,Design For The Real World: Human Ecology and Social Change
Design for the real world: Human ecology and social change,"Academy Chicago Publishers, Limited",design,1.0,"Way Better Than All the Modern Design Thinking ""Guides"""
Design for the real world: Human ecology and social change,"Academy Chicago Publishers, Limited",design,1.0,This book is an essential read for all designers
"Modern American homes,",Chronicle Books,design,1.0,A Peek into Prairie Homes and Others of that Vintage
Italian Art Deco: Graphic Design between the Wars,Chronicle Books Llc,design,0.75,Italian Art Deco
Italian Art Deco: Graphic Design between the Wars,Chronicle Books Llc,design,1.0,"If you want ephemera Art Deco examples and are tired of seeing furniture books, this is it!"
Italian Art Deco: Graphic Design between the Wars,Chronicle Books Llc,design,1.0,Beautiful
Italian Art Deco: Graphic Design between the Wars,Chronicle Books Llc,design,1.0,Great reference
Shibori: The Inventive Art of Japanese Shaped Resist Dyeing : Tradition Techniques Innovation,Vertical Inc,design,1.0,"The &quot;Shibori Bible&quot;, THE book most used by artists."
Shibori: The Inventive Art of Japanese Shaped Resist Dyeing : Tradition Techniques Innovation,Vertical Inc,design,1.0,"an aesthetic feast; an easy-to-follow, practical handbook"
Shibori: The Inventive Art of Japanese Shaped Resist Dyeing : Tradition Techniques Innovation,Vertical Inc,design,1.0,The most complete book in print on Shibori art and technique
Shibori: The Inventive Art of Japanese Shaped Resist Dyeing : Tradition Techniques Innovation,Vertical Inc,design,1.0,Great Book on Shibori
Shibori: The Inventive Art of Japanese Shaped Resist Dyeing : Tradition Techniques Innovation,Vertical Inc,design,1.0,Fiber Artists Respond to 'Shibori'
Shibori: The Inventive Art of Japanese Shaped Resist Dyeing : Tradition Techniques Innovation,Vertical Inc,design,1.0,"A ""must have"" resource book"
Shibori: The Inventive Art of Japanese Shaped Resist Dyeing : Tradition Techniques Innovation,Vertical Inc,design,1.0,Great Overview of a Somewhat Obscure Textile Art
Shibori: The Inventive Art of Japanese Shaped Resist Dyeing : Tradition Techniques Innovation,Vertical Inc,design,1.0,One of the best Shibori books written
Shibori: The Inventive Art of Japanese Shaped Resist Dyeing : Tradition Techniques Innovation,Vertical Inc,design,1.0,The Ultimate in shibori instruction and history
Shibori: The Inventive Art of Japanese Shaped Resist Dyeing : Tradition Techniques Innovation,Vertical Inc,design,1.0,Encyclopedic coverage
Shibori: The Inventive Art of Japanese Shaped Resist Dyeing : Tradition Techniques Innovation,Vertical Inc,design,1.0,intrigued by SHIBORI
Shibori: The Inventive Art of Japanese Shaped Resist Dyeing : Tradition Techniques Innovation,Vertical Inc,design,1.0,Shibori-Inventive art of Japanese Shaped Resist Dyeing
Shibori: The Inventive Art of Japanese Shaped Resist Dyeing : Tradition Techniques Innovation,Vertical Inc,design,1.0,Beautiful and informative
Shibori: The Inventive Art of Japanese Shaped Resist Dyeing : Tradition Techniques Innovation,Vertical Inc,design,1.0,A must have
Shibori: The Inventive Art of Japanese Shaped Resist Dyeing : Tradition Techniques Innovation,Vertical Inc,design,1.0,Very reliable book seller.
Shibori: The Inventive Art of Japanese Shaped Resist Dyeing : Tradition Techniques Innovation,Vertical Inc,design,1.0,Great Reference Book
Shibori: The Inventive Art of Japanese Shaped Resist Dyeing : Tradition Techniques Innovation,Vertical Inc,design,1.0,Explains every shibori technique imaginable
Shibori: The Inventive Art of Japanese Shaped Resist Dyeing : Tradition Techniques Innovation,Vertical Inc,design,1.0,The Shibori Bible
Shibori: The Inventive Art of Japanese Shaped Resist Dyeing : Tradition Techniques Innovation,Vertical Inc,design,1.0,excellent resource
Shibori: The Inventive Art of Japanese Shaped Resist Dyeing : Tradition Techniques Innovation,Vertical Inc,design,1.0,Excellent shibori reference
Shibori: The Inventive Art of Japanese Shaped Resist Dyeing : Tradition Techniques Innovation,Vertical Inc,design,1.0,The Authoritative Shibori book
Shibori: The Inventive Art of Japanese Shaped Resist Dyeing : Tradition Techniques Innovation,Vertical Inc,design,1.0,Shibori: The Inventive Art of Japanese Shaped Resist Dyeing
Shibori: The Inventive Art of Japanese Shaped Resist Dyeing : Tradition Techniques Innovation,Vertical Inc,design,1.0,Great and Educational Shibori book.
Shibori: The Inventive Art of Japanese Shaped Resist Dyeing : Tradition Techniques Innovation,Vertical Inc,design,1.0,Simply The Best Shibori Primer !
Shibori: The Inventive Art of Japanese Shaped Resist Dyeing : Tradition Techniques Innovation,Vertical Inc,design,1.0,Thorough study of shibori
Shibori: The Inventive Art of Japanese Shaped Resist Dyeing : Tradition Techniques Innovation,Vertical Inc,design,1.0,fiber fanatic
Shibori: The Inventive Art of Japanese Shaped Resist Dyeing : Tradition Techniques Innovation,Vertical Inc,design,1.0,Shibori: The Inventive Art of Japanese Shaped Resist Dyeing
Shibori: The Inventive Art of Japanese Shaped Resist Dyeing : Tradition Techniques Innovation,Vertical Inc,design,1.0,Shibori: The Inventive Art of Japanese Shaped Resist Dyeing
"Becoming a Graphic Designer: A Guide to Careers in Design, 2nd Edition",John Wiley & Sons,design,1.0,Design Career Guide
"Becoming a Graphic Designer: A Guide to Careers in Design, 2nd Edition",John Wiley & Sons,design,1.0,Becoming a Graphic Designer : A Guide to Careers in Design
"Becoming a Graphic Designer: A Guide to Careers in Design, 2nd Edition",John Wiley & Sons,design,1.0,Wow
"Becoming a Graphic Designer: A Guide to Careers in Design, 2nd Edition",John Wiley & Sons,design,0.75,"Somewhat vexing, but a nice casual browse nonetheless"
"Becoming a Graphic Designer: A Guide to Careers in Design, 2nd Edition",John Wiley & Sons,design,1.0,A valuable resource for the beginning designer
"Becoming a Graphic Designer: A Guide to Careers in Design, 2nd Edition",John Wiley & Sons,design,1.0,Wish I bought this book sooner!
"Becoming a Graphic Designer: A Guide to Careers in Design, 2nd Edition",John Wiley & Sons,design,1.0,Great Book
"Becoming a Graphic Designer: A Guide to Careers in Design, 2nd Edition",John Wiley & Sons,design,1.0,good book for students
"Becoming a Graphic Designer: A Guide to Careers in Design, 2nd Edition",John Wiley & Sons,design,0.75,Just What I Expected
"Becoming a Graphic Designer: A Guide to Careers in Design, 2nd Edition",John Wiley & Sons,design,1.0,good book for students
"Becoming a Graphic Designer: A Guide to Careers in Design, 2nd Edition",John Wiley & Sons,design,1.0,SWEET
Metric Pattern Cutting for Children's Wear and Babywear: From Birth to 14 Years,John Wiley & Sons,design,1.0,"Fantastic, the one and only!!!"
Kilims: Decorating With Tribal Rugs,,design,0.75,"Great, High Quality Pix &amp; Production Make Informative Book"
Kilims: Decorating With Tribal Rugs,,design,1.0,Kilims! Excellent illustrations of the making of and use of in your home
Kilims: Decorating With Tribal Rugs,,design,1.0,Contents
Best of Newspaper Design: 22nd Edition,Rockport Publishers,design,1.0,variety of concepts
Henry Darger: In the Realms of the Unreal,Delano Greenridge Editions,design,1.0,The best book on Darger there is
Henry Darger: In the Realms of the Unreal,Delano Greenridge Editions,design,0.75,Of art and other demons.
Henry Darger: In the Realms of the Unreal,Delano Greenridge Editions,design,1.0,"Darger: Brilliant, scary enigma"
Henry Darger: In the Realms of the Unreal,Delano Greenridge Editions,design,1.0,Joseoh C. Tedeschi
Henry Darger: In the Realms of the Unreal,Delano Greenridge Editions,design,0.75,"Great for Darger Fans, But Buyer Beware"
Henry Darger: In the Realms of the Unreal,Delano Greenridge Editions,design,1.0,The Creation of An Alternate World
Henry Darger: In the Realms of the Unreal,Delano Greenridge Editions,design,1.0,wonderful edition
Henry Darger: In the Realms of the Unreal,Delano Greenridge Editions,design,1.0,Henry Darger
Henry Darger: In the Realms of the Unreal,Delano Greenridge Editions,design,1.0,"Henry Darger, In the Realms of the Unreal"
Manolo Blahnik,Rizzoli Publications,design,0.25,deeply disappointed
Manolo Blahnik,Rizzoli Publications,design,0.25,"Boring with a Capital ""B"""
Manolo Blahnik,Rizzoli Publications,design,1.0,Picture Pages for the Moden Girl
Manolo Blahnik,Rizzoli Publications,design,1.0,Feed Your Manolo Obsession....
Manolo Blahnik,Rizzoli Publications,design,1.0,Exquisite
Africa and Indonesia: The Evidence of the Xylophone and Other Musical and Cultural Factors (Asian Studies),Brill Academic Pub,design,1.0,Indonesian influence in ancient africa
The Dictionary of Costume,Courier Corporation,design,1.0,for people who love costume history...
Illuminated Initials in Full Color : 548 Designs,Courier Corporation,design,1.0,Nicely put together!
Illuminated Initials in Full Color : 548 Designs,Courier Corporation,design,0.75,This book was very helpful to me in making an alphabet using gold leaf
Illuminated Initials in Full Color : 548 Designs,Courier Corporation,design,1.0,wanted a closer look
Illuminated Initials in Full Color : 548 Designs,Courier Corporation,design,1.0,Illuminated Initials: Trip Through Time
Illuminated Initials in Full Color : 548 Designs,Courier Corporation,design,0.5,It is ok
Illuminated Initials in Full Color : 548 Designs,Courier Corporation,design,0.0,Unexpected
Illuminated Initials in Full Color : 548 Designs,Courier Corporation,design,0.5,Calligraphy book
Electronic Plastic,Die Gestalten Verlag,design,1.0,Don't forget the design
Electronic Plastic,Die Gestalten Verlag,design,1.0,For those with 30 to 38 years
Ladies on Hold,Rizzoli Publications,design,1.0,Ladies On Hold is a page turner.
Ladies on Hold,Rizzoli Publications,design,1.0,A loving and healing experience
Type: Hot Designers Make Cool Fonts,Rockport Pub,design,0.25,Unfinished
Type: Hot Designers Make Cool Fonts,Rockport Pub,design,1.0,includes font creation tips using Illustrator &amp; Fontographer
Type: Hot Designers Make Cool Fonts,Rockport Pub,design,1.0,Gets inside the head of some great living type designers!
Fashions in Hair: The First Five Thousand Years,Peter Owen Limited,design,1.0,Invaluable Reference Book
Fashions in Hair: The First Five Thousand Years,Peter Owen Limited,design,0.0,I was disappointed of this book a lot~~
Fashions in Hair: The First Five Thousand Years,Peter Owen Limited,design,1.0,Wonderful book!
Fashions in Hair: The First Five Thousand Years,Peter Owen Limited,design,1.0,Fashions In Hair
Fashions in Hair: The First Five Thousand Years,Peter Owen Limited,design,0.75,Fantastic reference for stage hair!
Fashions in Hair: The First Five Thousand Years,Peter Owen Limited,design,1.0,THE BIBLE for make-up artists/hairdressers/wig makers/fashion people/stylists/etcetcetc
Fashions in Hair: The First Five Thousand Years,Peter Owen Limited,design,1.0,THE book to buy...
Fashions in Hair: The First Five Thousand Years,Peter Owen Limited,design,0.5,More useful for costuming than for research
Fashions in Hair: The First Five Thousand Years,Peter Owen Limited,design,1.0,The Best!
Fashions in Hair: The First Five Thousand Years,Peter Owen Limited,design,1.0,the bible for stylists
Fashions in Hair: The First Five Thousand Years,Peter Owen Limited,design,1.0,Amazing
Fashions in Hair: The First Five Thousand Years,Peter Owen Limited,design,1.0,the joy of research
Party Like a Rockstar: Even When You're Poor as Dirt,Alyson Publications,design,1.0,Useful and funny!
Party Like a Rockstar: Even When You're Poor as Dirt,Alyson Publications,design,0.75,Not just for mid-20s slackers
Party Like a Rockstar: Even When You're Poor as Dirt,Alyson Publications,design,1.0,useful tips
Party Like a Rockstar: Even When You're Poor as Dirt,Alyson Publications,design,1.0,"Learn it, live it!"
Party Like a Rockstar: Even When You're Poor as Dirt,Alyson Publications,design,1.0,Hilarious
Party Like a Rockstar: Even When You're Poor as Dirt,Alyson Publications,design,0.0,Great book...if you're a felon
Party Like a Rockstar: Even When You're Poor as Dirt,Alyson Publications,design,0.0,"Not funny, not interesting, not even slightly entertaining"
Party Like a Rockstar: Even When You're Poor as Dirt,Alyson Publications,design,1.0,"""Party Like a Rock Star"" is laugh out loud funny and saves you money"
Party Like a Rockstar: Even When You're Poor as Dirt,Alyson Publications,design,1.0,This book rocks
Party Like a Rockstar: Even When You're Poor as Dirt,Alyson Publications,design,1.0,Totally Hilarious!
Party Like a Rockstar: Even When You're Poor as Dirt,Alyson Publications,design,0.5,how to something or others............
ILLUSTRATED VOICE,Harper Design,design,1.0,A great book for illustrators and designers.
ILLUSTRATED VOICE,Harper Design,design,1.0,great buy
Paul Rand,Chronicle Books,design,0.75,A good work about a great designer
Paul Rand,Chronicle Books,design,1.0,content designer content book [full of ideas]no decorationss
Paul Rand,Chronicle Books,design,1.0,Excellent
Paul Rand,Chronicle Books,design,0.75,Buy a Magnifying Glass
Paul Rand,Chronicle Books,design,1.0,great
Paul Rand,Chronicle Books,design,1.0,The Late Great Paul Rand
Paul Rand,Chronicle Books,design,1.0,Beautiful Paul Rand
Paul Rand,Chronicle Books,design,0.75,an essential
Paul Rand,Chronicle Books,design,1.0,Great book!
Mountain Style,,design,1.0,Fireside Reading
Mountain Style,,design,1.0,Simply wonderful browsing
Islamic Designs for Artists and Craftspeople,Courier Corporation,design,0.75,An excellant source for Arabic designs!
Islamic Designs for Artists and Craftspeople,Courier Corporation,design,0.75,wonderful collection
Islamic Designs for Artists and Craftspeople,Courier Corporation,design,1.0,Nice designs
Islamic Designs for Artists and Craftspeople,Courier Corporation,design,1.0,"Good, well-documented resource"
Islamic Designs for Artists and Craftspeople,Courier Corporation,design,0.75,Nice collection
Islamic Designs for Artists and Craftspeople,Courier Corporation,design,0.75,nice collection
Fit to Be Tied: Vintage Ties of the Forties and Early Fifties (Recollectibles),,design,0.75,Fun!
Fit to Be Tied: Vintage Ties of the Forties and Early Fifties (Recollectibles),,design,0.75,Fit To Be Tied
Fit to Be Tied: Vintage Ties of the Forties and Early Fifties (Recollectibles),,design,0.75,Vintage ties
Fit to Be Tied: Vintage Ties of the Forties and Early Fifties (Recollectibles),,design,0.75,Beautiful pictures of beautiful ties!
Fit to Be Tied: Vintage Ties of the Forties and Early Fifties (Recollectibles),,design,0.75,Nice little picture book
"Visual Language , the Hidden Medium of Communication (Design Fundamentals)",Rotovision,design,1.0,Fantastic illustration of the principles of visual language.
"Visual Language , the Hidden Medium of Communication (Design Fundamentals)",Rotovision,design,0.5,"Worthwhile content, Overblown package"
"Visual Language , the Hidden Medium of Communication (Design Fundamentals)",Rotovision,design,1.0,Masterfully done!
"Visual Language , the Hidden Medium of Communication (Design Fundamentals)",Rotovision,design,0.25,Have no idea what I'm reading
Art Nouveau Figurative Designs (Dover Pictorial Archive),,design,1.0,An adult colouring book! A treat for tattooists and kids at heart
Art Nouveau Figurative Designs (Dover Pictorial Archive),,design,1.0,fantastic!
Art Nouveau Figurative Designs (Dover Pictorial Archive),,design,1.0,"A lover of Art Nouveau, paticularly Alfonse Mucha"
Art Nouveau Figurative Designs (Dover Pictorial Archive),,design,0.75,Line drawing tracings of Mucha originals
Art Nouveau Figurative Designs (Dover Pictorial Archive),,design,1.0,A treat for Mucha fans!
Art Nouveau Figurative Designs (Dover Pictorial Archive),,design,1.0,A Little Treasure
Art Nouveau Figurative Designs (Dover Pictorial Archive),,design,0.25,A COLORING BOOK
Art Nouveau Figurative Designs (Dover Pictorial Archive),,design,1.0,Review of recent purchase
Art Nouveau Figurative Designs (Dover Pictorial Archive),,design,0.5,Not what I expected
Art Nouveau Figurative Designs (Dover Pictorial Archive),,design,0.5,it's a coloring book
Siegfried Odermatt & Rosmarie Tissi: Graphic design (German Edition),Scheidegger Und Spiess Ag Verlag,design,1.0,Constructivist graphic design
Icon: Art of the Wine Label,Board and Bench Publishing,design,1.0,Best gift to have...
Icon: Art of the Wine Label,Board and Bench Publishing,design,1.0,Best of the Best!
Icon: Art of the Wine Label,Board and Bench Publishing,design,1.0,Great book!
Icon: Art of the Wine Label,Board and Bench Publishing,design,1.0,Must Have
Icon: Art of the Wine Label,Board and Bench Publishing,design,0.5,Three Stars for Wine Geeks--Two for the Rest of Us
Icon: Art of the Wine Label,Board and Bench Publishing,design,1.0,Great Book for Wine Enthusiasts
Icon: Art of the Wine Label,Board and Bench Publishing,design,1.0,Visual feast
Icon: Art of the Wine Label,Board and Bench Publishing,design,1.0,Excellent visual storybook
Icon: Art of the Wine Label,Board and Bench Publishing,design,1.0,A guide which offers a collection of work by the modern masters of wine label design
Icon: Art of the Wine Label,Board and Bench Publishing,design,1.0,Icon: Art of the Wine Label
Icon: Art of the Wine Label,Board and Bench Publishing,design,1.0,Art and wine merging perfectly
Icon: Art of the Wine Label,Board and Bench Publishing,design,1.0,Captivating
The Spot - Third Edition: The Rise of Political Advertising on Television,MIT Press,design,1.0,"One of the most insightful, well-written and interesting acc"
The Spot - Third Edition: The Rise of Political Advertising on Television,MIT Press,design,1.0,"One of the most insightful, well-written and interesting acc"
Steuben Glass : An American tradition in Crystal,Harry N Abrams Incorporated,design,1.0,Still The Essential Reference Work for clear Steuben Works
Steuben Glass : An American tradition in Crystal,Harry N Abrams Incorporated,design,1.0,The major reference book on the subject.
Steuben Glass : An American tradition in Crystal,Harry N Abrams Incorporated,design,1.0,gorgeous book
Steuben Glass : An American tradition in Crystal,Harry N Abrams Incorporated,design,1.0,Fantastic book on vintage Steuben Glass
Palestinian Costume,British Museum Publications Limited,design,0.75,"Nicely done book, with lots of photographs"
Palestinian Costume,British Museum Publications Limited,design,1.0,"Well-researched. documented, & written"
Jan Tschichold: A Life in Typography,Princeton Architectural Press,design,0.75,It's great....but...
Jan Tschichold: A Life in Typography,Princeton Architectural Press,design,0.75,Two typographic icons
50 Beds (Pro-Design Series),Rotovision,design,0.75,A wide varitey of imaginative beds
All Wrapped Up!: Groovy Gift Wrap of the 1960s,Chronicle Books,design,1.0,Groovy Gift - Gotta Get this Book!
All Wrapped Up!: Groovy Gift Wrap of the 1960s,Chronicle Books,design,1.0,KEEP THIS OUT ON THE COFFEE TABLE!
All Wrapped Up!: Groovy Gift Wrap of the 1960s,Chronicle Books,design,1.0,"1960s ""Adult Kids re-Collecting Our Childhood"" Must Have!"
All Wrapped Up!: Groovy Gift Wrap of the 1960s,Chronicle Books,design,1.0,wow!
All Wrapped Up!: Groovy Gift Wrap of the 1960s,Chronicle Books,design,1.0,perfect coffee table reading
All Wrapped Up!: Groovy Gift Wrap of the 1960s,Chronicle Books,design,1.0,A Feast for the Eyes
All Wrapped Up!: Groovy Gift Wrap of the 1960s,Chronicle Books,design,1.0,Love it!
All Wrapped Up!: Groovy Gift Wrap of the 1960s,Chronicle Books,design,1.0,"A fun, inspirational look at design & gift wrap history"
All Wrapped Up!: Groovy Gift Wrap of the 1960s,Chronicle Books,design,1.0,Great gift for retro lovers
"Decorating Glass & Ceramics : How to Embellish Glass, Ceramic, Terracotta and Tile Surfaces With Paint and Mosaic",Courier Corporation,design,1.0,A virtual bible for glass enthusiasts...
Easy-to-duplicate floral borders: 54 copyright-free designs (Dover quick copy art),Courier Corporation,design,1.0,Book of Floral Borders
Tiara,Chronicle Books Llc,design,0.75,Dizon puts the IRA front and center
Tiara,Chronicle Books Llc,design,1.0,Beauty and the Beast?
Design for Victory: World War II Poster on the American Home Front,Princeton Architectural Press,design,0.75,Delving Beneath the Surface of WWII Posters
Design for Victory: World War II Poster on the American Home Front,Princeton Architectural Press,design,0.75,A graphically interesting work not bogged down in history.
Design for Victory: World War II Poster on the American Home Front,Princeton Architectural Press,design,1.0,Excellent with over 150 Colorful Poster Pics.......
Design for Victory: World War II Poster on the American Home Front,Princeton Architectural Press,design,1.0,Design For Victory
Design for Victory: World War II Poster on the American Home Front,Princeton Architectural Press,design,0.75,Propaganda at home in a bygone era
The Perfect Fit: What Your Shoes Say About You,Chronicle Books,design,1.0,Shoe business
The Perfect Fit: What Your Shoes Say About You,Chronicle Books,design,1.0,A delightful read!
The Perfect Fit: What Your Shoes Say About You,Chronicle Books,design,0.25,Disappointing stereotypes abound...
The Perfect Fit: What Your Shoes Say About You,Chronicle Books,design,0.75,"smart, sassy, chic & fun - a gal's must have!"
The Perfect Fit: What Your Shoes Say About You,Chronicle Books,design,1.0,Wonderful and Sassy
The Perfect Fit: What Your Shoes Say About You,Chronicle Books,design,0.25,GENERATION GAP
The Perfect Fit: What Your Shoes Say About You,Chronicle Books,design,1.0,Luv Shoes? Are your shoes telling on you?
The Perfect Fit: What Your Shoes Say About You,Chronicle Books,design,1.0,Check it out!
The Perfect Fit: What Your Shoes Say About You,Chronicle Books,design,1.0,GIVE ME HEEL!
The Perfect Fit: What Your Shoes Say About You,Chronicle Books,design,1.0,The Perfect Fit
The Perfect Fit: What Your Shoes Say About You,Chronicle Books,design,1.0,The Perfect Fit
The Perfect Fit: What Your Shoes Say About You,Chronicle Books,design,1.0,The Perfect Fit: What Your Shoes Say About You
The Perfect Fit: What Your Shoes Say About You,Chronicle Books,design,1.0,Monica Winter
The Perfect Fit: What Your Shoes Say About You,Chronicle Books,design,0.0,"Ug, stupid and not worth the money!"
The Perfect Fit: What Your Shoes Say About You,Chronicle Books,design,1.0,a must have for the modern woman
The Perfect Fit: What Your Shoes Say About You,Chronicle Books,design,1.0,shoe feng shui
The Perfect Fit: What Your Shoes Say About You,Chronicle Books,design,1.0,The Perfect Fit? You Bet
The Perfect Fit: What Your Shoes Say About You,Chronicle Books,design,1.0,Must Have!
The Perfect Fit: What Your Shoes Say About You,Chronicle Books,design,1.0,Invoking Your Inner Stiletto
The Perfect Fit: What Your Shoes Say About You,Chronicle Books,design,1.0,"Proud to be a ""clog""! (but adore those stilettos!)"
The Perfect Fit: What Your Shoes Say About You,Chronicle Books,design,1.0,"Hilarious, and so true!"
The Perfect Fit: What Your Shoes Say About You,Chronicle Books,design,1.0,refuge for a cool spring day
The Perfect Fit: What Your Shoes Say About You,Chronicle Books,design,1.0,The Perfect Book for every woman!
The Perfect Fit: What Your Shoes Say About You,Chronicle Books,design,1.0,Charming!
The Education of a Typographer,Simon and Schuster,design,0.75,"Good, for the right reader"
The Education of a Typographer,Simon and Schuster,design,1.0,The basics of teaching and learning typography
The Education of a Typographer,Simon and Schuster,design,1.0,AWesome Book
The Education of a Typographer,Simon and Schuster,design,1.0,not a showcase or cafe book
The Education of a Typographer,Simon and Schuster,design,0.25,did I really buy this book?
"Blahnik By Boman: Shoes, Photographs, Conversation",Chronicle Books,design,1.0,"Wacky, Wonderful, Weird World!"
"Blahnik By Boman: Shoes, Photographs, Conversation",Chronicle Books,design,1.0,ABSOLUTELY BEAUTIFUL!!!!!
"Blahnik By Boman: Shoes, Photographs, Conversation",Chronicle Books,design,1.0,Blahnik by Boman
"Blahnik By Boman: Shoes, Photographs, Conversation",Chronicle Books,design,0.5,Blahnik by Boman book
"Blahnik By Boman: Shoes, Photographs, Conversation",Chronicle Books,design,0.75,blanhnik by boman review
"Blahnik By Boman: Shoes, Photographs, Conversation",Chronicle Books,design,0.75,nice!!!
"Blahnik By Boman: Shoes, Photographs, Conversation",Chronicle Books,design,1.0,Great Seller!!
"Blahnik By Boman: Shoes, Photographs, Conversation",Chronicle Books,design,0.75,Good creation to show you Manolo Blahnik shoe art.
"Blahnik By Boman: Shoes, Photographs, Conversation",Chronicle Books,design,1.0,shoes...no odor
Armin Hofmann (Poster Collection),,design,0.75,a neat book for certain
Armin Hofmann (Poster Collection),,design,1.0,Excellent A.H. Poster Collection
Armin Hofmann (Poster Collection),,design,1.0,A Swiss leader
Icons of Design,Prestel Pub,design,1.0,Gorgeous Photos and Interesting Text
Icons of Design,Prestel Pub,design,1.0,Gorgeous Photos and Interesting Text
Icons of Design,Prestel Pub,design,1.0,Great coffee table book
"Decorative Art in Modern Interiors, 1961/2, Volume 51",,design,1.0,A Joyous Stroll Through Early 1960's Design
"'New Raiments of Self': African American Clothing in the Antebellum South (Dress, Body, Culture)",Berg Publishers,design,1.0,Definite Book on Antebellum African American Clothing
"'New Raiments of Self': African American Clothing in the Antebellum South (Dress, Body, Culture)",Berg Publishers,design,1.0,Definite Book on Antebellum African American Clothing
Encyclopaedia of type faces,Cassell,design,1.0,"Re: ""Don't buy this book"""
Encyclopaedia of type faces,Cassell,design,0.75,The name says it all
Encyclopaedia of type faces,Cassell,design,1.0,A Classic!
Encyclopaedia of type faces,Cassell,design,1.0,A Great Book!
Encyclopaedia of type faces,Cassell,design,0.25,DON'T BUY If you're looking for a type specimen book
Encyclopaedia of type faces,Cassell,design,1.0,"Re: ""Don't buy this book"""
Encyclopaedia of type faces,Cassell,design,0.75,The name says it all
Encyclopaedia of type faces,Cassell,design,1.0,A Classic!
Encyclopaedia of type faces,Cassell,design,1.0,A Great Book!
Encyclopaedia of type faces,Cassell,design,0.25,DON'T BUY If you're looking for a type specimen book
Cine Mexicano: Posters from the Golden Age 1936-1956,Chronicle Books,design,1.0,the art of &quot;La Epoca de Oro&quot;
Cine Mexicano: Posters from the Golden Age 1936-1956,Chronicle Books,design,1.0,Vivid Colors and Wild Designs
Cine Mexicano: Posters from the Golden Age 1936-1956,Chronicle Books,design,1.0,An Important and Thrilling Collection
Cine Mexicano: Posters from the Golden Age 1936-1956,Chronicle Books,design,0.75,GREAT VISUAL BOOK
Cine Mexicano: Posters from the Golden Age 1936-1956,Chronicle Books,design,0.5,Not what I thought
Creatures Fantastic Video: Dragons,Courier Corporation,design,0.5,Not as well done as the others....
El Escorial,,design,0.75,Eighth Wonder of the World
Thierry Mugler: Fashion Fetish Fantasy,Stoddart,design,1.0,Wow!
Thierry Mugler: Fashion Fetish Fantasy,Stoddart,design,1.0,"Mugler makes the clothes that make you say &quot;Oooohhh, AHhhh.&quot;"
Thierry Mugler: Fashion Fetish Fantasy,Stoddart,design,1.0,dazzling!
Thierry Mugler: Fashion Fetish Fantasy,Stoddart,design,1.0,Exquisite
Thierry Mugler: Fashion Fetish Fantasy,Stoddart,design,1.0,"Hard to find, hard to put down."
Thierry Mugler: Fashion Fetish Fantasy,Stoddart,design,1.0,Amazing Mugler
Old Christmas (Dover Pictorial Archives),,design,0.75,Old Christmas
Old Christmas (Dover Pictorial Archives),,design,0.75,"Melancholy little ""sketch"""
Old Christmas (Dover Pictorial Archives),,design,0.75,"Quiet, pleasant reading of an Old English Christmas"
Old Christmas (Dover Pictorial Archives),,design,0.75,Delicious Seasonal Treat
Old Christmas (Dover Pictorial Archives),,design,1.0,For everyone who loves an old English Christmas
Old Christmas (Dover Pictorial Archives),,design,1.0,Beautiful story
Old Christmas (Dover Pictorial Archives),,design,0.5,"A Quaint little book, with Irving's romantic take on an English Christmas of the 19th Century."
Old Christmas (Dover Pictorial Archives),,design,0.75,Quaint writing
Old Christmas (Dover Pictorial Archives),,design,0.75,Good picture of an English Christmas
Old Christmas (Dover Pictorial Archives),,design,0.75,Memories of Christmas Traditions
Old Christmas (Dover Pictorial Archives),,design,1.0,Old Christmas
Essentials for Design Adobe&reg; Photoshop&reg; CS - Level two,Bloomsbury Publishing,design,0.0,Too Many Mistakes In This Book
Antonio Vitali: Spielzeugdesigner - Creator of Toys,The Museum of Modern Art,design,1.0,Antonio Vitali Creator of Toys
The Originality of the Avant-Garde and Other Modernist Myths,MIT Press,design,0.25,Form Over Substance
The Originality of the Avant-Garde and Other Modernist Myths,MIT Press,design,1.0,prophetic insights anyway...
The Originality of the Avant-Garde and Other Modernist Myths,MIT Press,design,1.0,good book
The Originality of the Avant-Garde and Other Modernist Myths,MIT Press,design,0.25,nice effort but problems in execution
"Modern & Healthy Body Care: Recipes for Professional, Natural Skin and Hair Care Products",Abrams,design,0.25,Very disappointing
"Modern & Healthy Body Care: Recipes for Professional, Natural Skin and Hair Care Products",Abrams,design,1.0,South African perspective
"Modern & Healthy Body Care: Recipes for Professional, Natural Skin and Hair Care Products",Abrams,design,0.0,Not alot of info here
"Modern & Healthy Body Care: Recipes for Professional, Natural Skin and Hair Care Products",Abrams,design,1.0,The best cosmetic recipe book on the market
"Modern & Healthy Body Care: Recipes for Professional, Natural Skin and Hair Care Products",Abrams,design,1.0,Daily Vitamins for your skin!
"Modern & Healthy Body Care: Recipes for Professional, Natural Skin and Hair Care Products",Abrams,design,0.0,Very Disappointing &amp; Misleading!
"Modern & Healthy Body Care: Recipes for Professional, Natural Skin and Hair Care Products",Abrams,design,0.75,Good info for a start
"Modern & Healthy Body Care: Recipes for Professional, Natural Skin and Hair Care Products",Abrams,design,1.0,Great Recipes for Natural Cosmetics
Japanese Design,Tuttle Publishing,design,1.0,It's a REALLY different world
Japanese Design,Tuttle Publishing,design,1.0,colorful and cogent
Japanese Design,Tuttle Publishing,design,1.0,Since I can't go there right now
American Paintings & Historical Prints From the Middendorf Collection,Courier Corporation,design,1.0,Great Collection
Madvertising: A Mad Look at50 Years of Madison Avenue,,design,0.75,The Usual Gang of Idiots Needs Some Help from the Design Department
Madvertising: A Mad Look at50 Years of Madison Avenue,,design,1.0,Loved It
The Culture of Fashion. A New History of Fashionable Dress (Studies in Design),Manchester University Press,design,1.0,The Best Book I've found on this subject
Nautical Illustrations: 681 Permission-Free Illustrations from Nineteenth-Century Sources (Dover Pictorial Archive),Courier Corporation,design,0.5,Detailed Artwork for...?
Nautical Illustrations: 681 Permission-Free Illustrations from Nineteenth-Century Sources (Dover Pictorial Archive),Courier Corporation,design,0.75,Good illustrations
Nautical Illustrations: 681 Permission-Free Illustrations from Nineteenth-Century Sources (Dover Pictorial Archive),Courier Corporation,design,1.0,Love it
Nautical Illustrations: 681 Permission-Free Illustrations from Nineteenth-Century Sources (Dover Pictorial Archive),Courier Corporation,design,1.0,sensational
Nautical Illustrations: 681 Permission-Free Illustrations from Nineteenth-Century Sources (Dover Pictorial Archive),Courier Corporation,design,0.5,Not what I hoped for.
Nautical Illustrations: 681 Permission-Free Illustrations from Nineteenth-Century Sources (Dover Pictorial Archive),Courier Corporation,design,1.0,Great
Nautical Illustrations: 681 Permission-Free Illustrations from Nineteenth-Century Sources (Dover Pictorial Archive),Courier Corporation,design,1.0,Nautical Illustrations
Medieval Tapestry Designs (International Design Library),Stemmer House Pub,design,0.0,Not a book I'd buy if I'd been able to look through it.
Medieval Tapestry Designs (International Design Library),Stemmer House Pub,design,1.0,Charming line drawing interpretations of tapestry scenes.
Medieval Tapestry Designs (International Design Library),Stemmer House Pub,design,0.0,My son can do better illustrations.
Medieval Tapestry Designs (International Design Library),Stemmer House Pub,design,1.0,medieval tapestry design
"Renaissance Patterns for Lace, Embroidery and Needlepoint (Dover Knitting, Crochet, Tatting, Lace)",Courier Corporation,design,0.75,only for the purists
"Renaissance Patterns for Lace, Embroidery and Needlepoint (Dover Knitting, Crochet, Tatting, Lace)",Courier Corporation,design,1.0,"beautiful, historically accurate patterns"
The Push Pin Graphic: A Quarter Century of Innovative Design and Illustration,Chronicle Books,design,1.0,Shut Down Your Computer and Read This Book
The Push Pin Graphic: A Quarter Century of Innovative Design and Illustration,Chronicle Books,design,1.0,I love this book
The Push Pin Graphic: A Quarter Century of Innovative Design and Illustration,Chronicle Books,design,1.0,Awesome
The Push Pin Graphic: A Quarter Century of Innovative Design and Illustration,Chronicle Books,design,1.0,You need this
Best of Business Card Design 5,Rockport Pub,design,0.75,Lots n Lots X 5
Heraldic Designs for Artists and Craftspeople (Dover Pictorial Archive),Courier Corporation,design,0.25,A peculiar view on heraldic designs
Heraldic Designs for Artists and Craftspeople (Dover Pictorial Archive),Courier Corporation,design,0.75,High Quality Line Art
Heraldic Designs for Artists and Craftspeople (Dover Pictorial Archive),Courier Corporation,design,0.75,I recomend this book to everyone!
"The Arts and crafts movement,",Phaidon Press,design,0.25,Informative?
"The Arts and crafts movement,",Phaidon Press,design,0.75,fourth grader
A Philosophy Of Interior Design (Icon Editions),Westview Press,design,0.75,A Philosophy of Interior Design (by S. Abercrombie)
A Philosophy Of Interior Design (Icon Editions),Westview Press,design,0.75,A Philosophy of Interior Design (by S. Abercrombie)
Magazine Design That Works: Secrets for Successful Magazine Design (That Works Series),Rockport Publishers,design,0.25,"Pretty, but not technical"
Magazine Design That Works: Secrets for Successful Magazine Design (That Works Series),Rockport Publishers,design,0.75,Inspirational rather than informative
Magazine Design That Works: Secrets for Successful Magazine Design (That Works Series),Rockport Publishers,design,1.0,Very inspiring
Magazine Design That Works: Secrets for Successful Magazine Design (That Works Series),Rockport Publishers,design,0.25,"Nice imagery, nice thoughts, no technical info"
Magazine Design That Works: Secrets for Successful Magazine Design (That Works Series),Rockport Publishers,design,1.0,Excellent book
Magazine Design That Works: Secrets for Successful Magazine Design (That Works Series),Rockport Publishers,design,0.25,Just Okay
Magazine Design That Works: Secrets for Successful Magazine Design (That Works Series),Rockport Publishers,design,0.0,"pretty pictures, little info"
Logo Design That Works: Secrets for Successful Logo Design (That Works Series),Rockport Pub,design,0.75,Very useful...
Logo Design That Works: Secrets for Successful Logo Design (That Works Series),Rockport Pub,design,0.75,A great help when you are stuck or can't get started.
Logo Design That Works: Secrets for Successful Logo Design (That Works Series),Rockport Pub,design,1.0,a necessity for every graphic designer!
Logo Design That Works: Secrets for Successful Logo Design (That Works Series),Rockport Pub,design,0.5,Interesting Discoveries
